[
  {
    "rank":1,
    "student_code":22010253,
    "name":"عبدالله طاهر محمد بزان",
    "grade":97.19
  },
  {
    "rank":2,
    "student_code":22010405,
    "name":"مريم محمد فاروق كامل احمد",
    "grade":97.13
  },
  {
    "rank":3,
    "student_code":22010446,
    "name":"مهاب محمد السيد حامد محمد على",
    "grade":97.05
  },
  {
    "rank":4,
    "student_code":22010053,
    "name":"اسامه احمد عبد المنعم احمد مختار",
    "grade":96.7
  },
  {
    "rank":5,
    "student_code":22010444,
    "name":"منير البدرى منير مسعد",
    "grade":96.42
  },
  {
    "rank":6,
    "student_code":22010339,
    "name":"محمد اشرف صلاح الدين حسنين السيد",
    "grade":96.29
  },
  {
    "rank":7,
    "student_code":22010028,
    "name":"احمد عبدالله عواد الطحاوى",
    "grade":96.14
  },
  {
    "rank":8,
    "student_code":22010047,
    "name":"احمد هشام محمد ابوحميد عبدالواحد",
    "grade":95.89
  },
  {
    "rank":9,
    "student_code":22010179,
    "name":"زينب محمود سعيد عبدالحميد السيسي",
    "grade":95.88
  },
  {
    "rank":10,
    "student_code":22010475,
    "name":"نور شريف محمد شبل احمد عماره",
    "grade":95.86
  },
  {
    "rank":11,
    "student_code":22010403,
    "name":"مريم عمرو محمد محمد منصور",
    "grade":95.81
  },
  {
    "rank":12,
    "student_code":22010139,
    "name":"دعاء اشرف فايز محمد ابراهيم",
    "grade":95.58
  },
  {
    "rank":13,
    "student_code":22010409,
    "name":"مريم هيثم عبدالستار مصطفى",
    "grade":95.58
  },
  {
    "rank":14,
    "student_code":22010454,
    "name":"ميرنا ايمن محروس حنين",
    "grade":95.46
  },
  {
    "rank":15,
    "student_code":22010455,
    "name":"ميرنا ايمن محمد عبدالعزيز محمد",
    "grade":95.39
  },
  {
    "rank":16,
    "student_code":22010052,
    "name":"ادهم صبرى محمود السيد سلام",
    "grade":95.31
  },
  {
    "rank":17,
    "student_code":22010223,
    "name":"عبدالرحمن ابراهيم حسن ابراهيم",
    "grade":95.22
  },
  {
    "rank":18,
    "student_code":22010204,
    "name":"سيف الدين فوزى محمد عبدالله عبدالغنى",
    "grade":95.21
  },
  {
    "rank":19,
    "student_code":22010163,
    "name":"روجيه اشرف فهيم سيدين",
    "grade":95.15
  },
  {
    "rank":20,
    "student_code":22010070,
    "name":"المعتصم بالله نور عفيفى حسن عبدالوهاب",
    "grade":95.13
  },
  {
    "rank":21,
    "student_code":22010300,
    "name":"فاطمه خالد مصطفى فهمى",
    "grade":95.13
  },
  {
    "rank":22,
    "student_code":22010456,
    "name":"ميرنا محمد يحيى عبدالعظيم",
    "grade":95.01
  },
  {
    "rank":23,
    "student_code":22010113,
    "name":"جولى حازم سراج محمود",
    "grade":94.79
  },
  {
    "rank":24,
    "student_code":22010495,
    "name":"ياسمين مجدى محمد جميل فهيم",
    "grade":94.79
  },
  {
    "rank":25,
    "student_code":22010470,
    "name":"ندى عزت فتحى عبد الجواد فرحات",
    "grade":94.67
  },
  {
    "rank":26,
    "student_code":22010303,
    "name":"فرح حسين فتحى عبدالنبى",
    "grade":94.65
  },
  {
    "rank":27,
    "student_code":22010122,
    "name":"حبيبه محمد عبدالمنصف عبدالحميد",
    "grade":94.63
  },
  {
    "rank":28,
    "student_code":22010476,
    "name":"نور طلعت عبدالونيس السيد",
    "grade":94.45
  },
  {
    "rank":29,
    "student_code":22010494,
    "name":"ياسمين طلعت السيد محمد",
    "grade":94.34
  },
  {
    "rank":30,
    "student_code":22010104,
    "name":"جاسر علاء نور طرم",
    "grade":94.33
  },
  {
    "rank":31,
    "student_code":22010385,
    "name":"محمود طاهر محمد بزان",
    "grade":94.27
  },
  {
    "rank":32,
    "student_code":22010210,
    "name":"شهد اسماعيل شمس الدين اسماعيل العكل",
    "grade":94.26
  },
  {
    "rank":33,
    "student_code":22015040,
    "name":"بسنت محمد الصوفي احمد علي",
    "grade":94.24
  },
  {
    "rank":34,
    "student_code":22010187,
    "name":"ساميه اسامه مصلحى صالح مصطفى",
    "grade":94.22
  },
  {
    "rank":35,
    "student_code":22010146,
    "name":"رغد محمود مراد على احمد",
    "grade":94.21
  },
  {
    "rank":36,
    "student_code":22010351,
    "name":"محمد سمير احمد محمد عبدربه",
    "grade":94.1
  },
  {
    "rank":37,
    "student_code":22010023,
    "name":"احمد سيد محمد فاضل",
    "grade":94.07
  },
  {
    "rank":38,
    "student_code":22010397,
    "name":"مروه يوسف عبدالمجيد ظاهر الصفتي",
    "grade":94.01
  },
  {
    "rank":39,
    "student_code":22010073,
    "name":"امنية اشرف محمد بيومى السيد",
    "grade":93.96
  },
  {
    "rank":40,
    "student_code":22010440,
    "name":"منه جمعه عليوه جمعه عوض",
    "grade":93.94
  },
  {
    "rank":41,
    "student_code":22010103,
    "name":"توماس اسحق ادوارد شحاته عبد الملك",
    "grade":93.9
  },
  {
    "rank":42,
    "student_code":22010482,
    "name":"نورهان شعبان رفاعى سيد",
    "grade":93.89
  },
  {
    "rank":43,
    "student_code":22010160,
    "name":"روان خالد جمعة عفيفي",
    "grade":93.83
  },
  {
    "rank":44,
    "student_code":22010022,
    "name":"احمد سليمان سيد احمد",
    "grade":93.81
  },
  {
    "rank":45,
    "student_code":22010317,
    "name":"كلارا ايهاب عطية ملك",
    "grade":93.75
  },
  {
    "rank":46,
    "student_code":22010183,
    "name":"ساره حسام احمد رشاد",
    "grade":93.68
  },
  {
    "rank":47,
    "student_code":22010216,
    "name":"شيماء سعيد عبدالنبى عبدالستار صالح",
    "grade":93.43
  },
  {
    "rank":48,
    "student_code":22010307,
    "name":"فرح محمد زكى محمد عثمان",
    "grade":93.31
  },
  {
    "rank":49,
    "student_code":22010192,
    "name":"سلمى سمير احمد رفعت احمد صبح",
    "grade":93.19
  },
  {
    "rank":50,
    "student_code":22010344,
    "name":"محمد حسان قوشتي جاد",
    "grade":93.1
  },
  {
    "rank":51,
    "student_code":22010039,
    "name":"احمد محمد مصطفى عبد الغنى الزقاقى",
    "grade":93.05
  },
  {
    "rank":52,
    "student_code":22010391,
    "name":"مرام ياسر شبل محروس خلف الله",
    "grade":93.02
  },
  {
    "rank":53,
    "student_code":22010085,
    "name":"ايه حمدى احمد ادريس",
    "grade":93.0
  },
  {
    "rank":54,
    "student_code":22010132,
    "name":"خالد احمد محمود ابراهيم",
    "grade":92.96
  },
  {
    "rank":55,
    "student_code":22010111,
    "name":"جنى نصر عبدالعزيز عبدالغنى",
    "grade":92.94
  },
  {
    "rank":56,
    "student_code":22010215,
    "name":"شهد عصام زكري ابراهيم",
    "grade":92.91
  },
  {
    "rank":57,
    "student_code":22010107,
    "name":"جمانه احمد محمود نوير",
    "grade":92.79
  },
  {
    "rank":58,
    "student_code":22010202,
    "name":"سهيلة عمرو محمد احمد محمد عليوة",
    "grade":92.7
  },
  {
    "rank":59,
    "student_code":22010333,
    "name":"محمد احمد عبدالصادق احمد",
    "grade":92.65
  },
  {
    "rank":60,
    "student_code":22010395,
    "name":"مروه عبدالنبى المتولى احمد الالفي",
    "grade":92.55
  },
  {
    "rank":53,
    "student_code":22015097,
    "name":"عمر مصطفى حسن السيد",
    "grade":92.53
  },
  {
    "rank":55,
    "student_code":22015102,
    "name":"فاطمه سميح محمد ابراهيم",
    "grade":92.51
  },
  {
    "rank":61,
    "student_code":22010393,
    "name":"مروان محمد احمد صادق إبراهيم",
    "grade":92.44
  },
  {
    "rank":62,
    "student_code":22010353,
    "name":"محمد عاطف محمد محمد محروس",
    "grade":92.42
  },
  {
    "rank":63,
    "student_code":22010458,
    "name":"ميريام عزيز نظير اقلاديوس",
    "grade":92.42
  },
  {
    "rank":64,
    "student_code":22010229,
    "name":"عبدالرحمن بركات عبدالرحيم محمود",
    "grade":92.38
  },
  {
    "rank":65,
    "student_code":22010366,
    "name":"محمد مجدى شحاته عبدالحميد عزت",
    "grade":92.34
  },
  {
    "rank":66,
    "student_code":22010281,
    "name":"عمر مشير حامد عبدالحميد حامد",
    "grade":92.22
  },
  {
    "rank":67,
    "student_code":22010340,
    "name":"محمد ايمن عبدالله ابراهيم",
    "grade":92.21
  },
  {
    "rank":68,
    "student_code":22010082,
    "name":"ايمان شعبان محمد محمود",
    "grade":92.02
  },
  {
    "rank":69,
    "student_code":22010027,
    "name":"احمد عبدالله صبرى محمد",
    "grade":91.98
  },
  {
    "rank":70,
    "student_code":22010327,
    "name":"مازن عزت عبدالهادى عبدالمعطى",
    "grade":91.96
  },
  {
    "rank":71,
    "student_code":22010478,
    "name":"نورا نعيم حسين كامل محمد درويش",
    "grade":91.95
  },
  {
    "rank":72,
    "student_code":22010186,
    "name":"ساره كمال احمد ذكى القناوى",
    "grade":91.94
  },
  {
    "rank":73,
    "student_code":22010425,
    "name":"ملك ايمن عبدالسميع جادالله",
    "grade":91.94
  },
  {
    "rank":74,
    "student_code":22010112,
    "name":"جنى وليد حاتم محمد العطار",
    "grade":91.8
  },
  {
    "rank":75,
    "student_code":22010343,
    "name":"محمد حاتم احمد بيومى",
    "grade":91.79
  },
  {
    "rank":76,
    "student_code":22010256,
    "name":"عبدالله نظمى محمد السنديونى",
    "grade":91.78
  },
  {
    "rank":77,
    "student_code":22010377,
    "name":"محمد هيثم جيوشى محمود السيد عطا",
    "grade":91.77
  },
  {
    "rank":78,
    "student_code":22010474,
    "name":"نغم عاطف عبد الله محمد",
    "grade":91.71
  },
  {
    "rank":79,
    "student_code":22010407,
    "name":"مريم ناصر العوضى رزق غنيمه",
    "grade":91.68
  },
  {
    "rank":80,
    "student_code":22010491,
    "name":"هنا احمد صفوت صادق",
    "grade":91.64
  },
  {
    "rank":81,
    "student_code":22010138,
    "name":"دارين عصام ابراهيم احمد محمد",
    "grade":91.64
  },
  {
    "rank":82,
    "student_code":22010238,
    "name":"عبدالرحمن محمد ابراهيم محمد بيومى",
    "grade":91.64
  },
  {
    "rank":83,
    "student_code":22010334,
    "name":"محمد احمد عفيفى مصطفى السمين",
    "grade":91.58
  },
  {
    "rank":84,
    "student_code":22010481,
    "name":"نورهان العشرى شحاته اسماعيل",
    "grade":91.58
  },
  {
    "rank":85,
    "student_code":22010214,
    "name":"شهد عبدالفتاح عبدالله عبدالفتاح",
    "grade":91.57
  },
  {
    "rank":86,
    "student_code":22010034,
    "name":"احمد محمد رضا نافع حسن نافع",
    "grade":91.48
  },
  {
    "rank":87,
    "student_code":22010116,
    "name":"حازم محمد صلاح محمد الطوخى",
    "grade":91.42
  },
  {
    "rank":88,
    "student_code":22010275,
    "name":"عمر صلاح عبدالعزيز ابراهيم بديوى",
    "grade":91.35
  },
  {
    "rank":89,
    "student_code":22010453,
    "name":"ميار احمد عثمان عبد العظيم",
    "grade":91.34
  },
  {
    "rank":90,
    "student_code":22010354,
    "name":"محمد عبدالتواب محمد احمد",
    "grade":91.33
  },
  {
    "rank":91,
    "student_code":22010075,
    "name":"امنيه عادل سعد زغلول سالم السيد",
    "grade":91.32
  },
  {
    "rank":92,
    "student_code":22010151,
    "name":"رنا علي محمد سليمان داود",
    "grade":91.32
  },
  {
    "rank":93,
    "student_code":22010437,
    "name":"منه الله محمد عبدالحكيم منصور على",
    "grade":91.3
  },
  {
    "rank":94,
    "student_code":22010468,
    "name":"ندى حازم رشاد السيد",
    "grade":91.22
  },
  {
    "rank":95,
    "student_code":22010064,
    "name":"افنان محمد احمد صالح عبدالعال",
    "grade":91.2
  },
  {
    "rank":96,
    "student_code":22010063,
    "name":"اشرف عبدالفتاح محمد شريف",
    "grade":91.16
  },
  {
    "rank":97,
    "student_code":22010066,
    "name":"الاء على عبدالظاهر على عبداللطيف",
    "grade":91.13
  },
  {
    "rank":98,
    "student_code":22010496,
    "name":"ياسين حسن محمد محمد",
    "grade":91.12
  },
  {
    "rank":99,
    "student_code":22015178,
    "name":"منار نجم سيد عبد السميع",
    "grade":90.95
  },
  {
    "rank":100,
    "student_code":22010097,
    "name":"بسمه اشرف على عبدالله",
    "grade":90.91
  },
  {
    "rank":101,
    "student_code":22010305,
    "name":"فرح شريف محمد البدوى أحمد",
    "grade":90.87
  },
  {
    "rank":102,
    "student_code":22010299,
    "name":"فاطمه ايهاب عزت عرفه",
    "grade":90.83
  },
  {
    "rank":103,
    "student_code":22010061,
    "name":"اسيل حسام عبدالنبى غالى",
    "grade":90.79
  },
  {
    "rank":104,
    "student_code":22010129,
    "name":"حنين حسام عبدالحميد غازى قريضه",
    "grade":90.75
  },
  {
    "rank":105,
    "student_code":22010165,
    "name":"ريم صلاح عبدالوهاب عبدالغني",
    "grade":90.73
  },
  {
    "rank":106,
    "student_code":22010287,
    "name":"عمرو علاء الدين فتح الله حمزه",
    "grade":90.72
  },
  {
    "rank":107,
    "student_code":22010426,
    "name":"ملك كمال الدين محمد محمد عبد الله",
    "grade":90.67
  },
  {
    "rank":108,
    "student_code":22010318,
    "name":"كلارا مدحت بهيج داود",
    "grade":90.59
  },
  {
    "rank":109,
    "student_code":22010062,
    "name":"اسيل سعيد عبدالله محمد سلامة",
    "grade":90.57
  },
  {
    "rank":110,
    "student_code":22010199,
    "name":"سماء حسن محمد احمد ابراهيم",
    "grade":90.55
  },
  {
    "rank":111,
    "student_code":22010442,
    "name":"منه شعبان عبدالعزيز الشبراوى",
    "grade":90.53
  },
  {
    "rank":112,
    "student_code":22010273,
    "name":"عمر زكريا عبدالمعطي السيد مصطفى",
    "grade":90.45
  },
  {
    "rank":83,
    "student_code":22015071,
    "name":"ساره حسن هاشم حسن الروينى",
    "grade":90.43
  },
  {
    "rank":113,
    "student_code":22010102,
    "name":"تقى احمد عبدالمنعم سيد احمد",
    "grade":90.4
  },
  {
    "rank":114,
    "student_code":22010142,
    "name":"رشاد محمد محمد زايد",
    "grade":90.4
  },
  {
    "rank":115,
    "student_code":22010242,
    "name":"عبدالرحمن هشام احمد عبدالمجيد مصرى",
    "grade":90.37
  },
  {
    "rank":87,
    "student_code":22015067,
    "name":"زياد محمد عبدالحميد الصباغ",
    "grade":90.34
  },
  {
    "rank":116,
    "student_code":22010029,
    "name":"احمد علاءالدين محمد عبدالله الحفناوى",
    "grade":90.27
  },
  {
    "rank":117,
    "student_code":22010463,
    "name":"نادر محمد عبدالمجيد عفيفي",
    "grade":90.25
  },
  {
    "rank":118,
    "student_code":22010057,
    "name":"اسراء احمد خليفه السيد",
    "grade":90.25
  },
  {
    "rank":90,
    "student_code":22015038,
    "name":"امنية عماد الدين السيد",
    "grade":90.25
  },
  {
    "rank":91,
    "student_code":22015159,
    "name":"ندى احمد عباس كامل السعداوى",
    "grade":90.24
  },
  {
    "rank":119,
    "student_code":22010134,
    "name":"خالد سلامه عبدالخالق محمد",
    "grade":90.22
  },
  {
    "rank":120,
    "student_code":22010247,
    "name":"عبدالفتاح حمدى عبدالفتاح عبدالعظيم مطاوع",
    "grade":90.2
  },
  {
    "rank":121,
    "student_code":22010133,
    "name":"خالد السيد عثمان مصطفى اسماعيل",
    "grade":90.17
  },
  {
    "rank":122,
    "student_code":22010345,
    "name":"محمد حسن السيد حسن",
    "grade":90.13
  },
  {
    "rank":123,
    "student_code":22010162,
    "name":"روان محمود سعد رضوان",
    "grade":90.09
  },
  {
    "rank":124,
    "student_code":22010485,
    "name":"هاجر فؤاد سيد محمد محمود",
    "grade":90.09
  },
  {
    "rank":125,
    "student_code":22010235,
    "name":"عبدالرحمن عامر عبدالله عامر",
    "grade":90.08
  },
  {
    "rank":126,
    "student_code":22010432,
    "name":"منه الله احمد عبدالفتاح الهواري",
    "grade":90.07
  },
  {
    "rank":127,
    "student_code":22010105,
    "name":"جرجس سعد جرجس سعد ابراهيم",
    "grade":90.05
  },
  {
    "rank":128,
    "student_code":22010251,
    "name":"عبدالله رأفت عبدالنبى البجاوى",
    "grade":90.05
  },
  {
    "rank":96,
    "student_code":22015055,
    "name":"رباب حسني مهدى حسن",
    "grade":90.03
  },
  {
    "rank":129,
    "student_code":22010269,
    "name":"عمر احمد فتحي مصطفي",
    "grade":90.02
  },
  {
    "rank":101,
    "student_code":22015155,
    "name":"مها خالد عبدالسميع حلوه",
    "grade":89.99
  },
  {
    "rank":100,
    "student_code":22015093,
    "name":"علا أحمد السيد مقبل السيد",
    "grade":89.96
  },
  {
    "rank":130,
    "student_code":22010159,
    "name":"روان حسين منصور احمد حسانين",
    "grade":89.92
  },
  {
    "rank":131,
    "student_code":22010014,
    "name":"احمد رافت محمد احمد",
    "grade":89.88
  },
  {
    "rank":132,
    "student_code":22010460,
    "name":"مينا عازر قلادة ميخائيل عوض",
    "grade":89.88
  },
  {
    "rank":133,
    "student_code":22010037,
    "name":"احمد محمد سليمان محمد جاد محفوظ",
    "grade":89.85
  },
  {
    "rank":134,
    "student_code":22010396,
    "name":"مروه محمد عبدالله محمد مسعود",
    "grade":89.68
  },
  {
    "rank":135,
    "student_code":22010021,
    "name":"احمد سامى محمد السحيمى",
    "grade":89.52
  },
  {
    "rank":136,
    "student_code":22010477,
    "name":"نورا حسن عبدالرازق على",
    "grade":89.47
  },
  {
    "rank":137,
    "student_code":22010483,
    "name":"نورهان عمرو عبداللطيف محمود",
    "grade":89.47
  },
  {
    "rank":138,
    "student_code":22010026,
    "name":"احمد عبدالحى رضوان ثابت",
    "grade":89.44
  },
  {
    "rank":139,
    "student_code":22010074,
    "name":"امنيه ابواليزيد ابراهيم محمد السبعاوى",
    "grade":89.38
  },
  {
    "rank":112,
    "student_code":22015043,
    "name":"جهاد الطيب علام محمد",
    "grade":89.28
  },
  {
    "rank":140,
    "student_code":22010428,
    "name":"ملك مصطفى منير يسن زيد",
    "grade":89.22
  },
  {
    "rank":141,
    "student_code":22010436,
    "name":"منه الله محمد صابر بيومي",
    "grade":89.07
  },
  {
    "rank":142,
    "student_code":22010233,
    "name":"عبدالرحمن سعيد فتحى الزغدى",
    "grade":89.03
  },
  {
    "rank":143,
    "student_code":22010381,
    "name":"محمود احمد احمد محمود داود",
    "grade":89.0
  },
  {
    "rank":144,
    "student_code":22010255,
    "name":"عبدالله محمد السيد السيد احمد الشيوى",
    "grade":88.98
  },
  {
    "rank":145,
    "student_code":22010399,
    "name":"مريم اسامه محمد محمود حبيب",
    "grade":88.91
  },
  {
    "rank":146,
    "student_code":22010056,
    "name":"اسراء احمد جبر على احمد",
    "grade":88.88
  },
  {
    "rank":147,
    "student_code":22010158,
    "name":"روان ايمن فاروق محمد",
    "grade":88.85
  },
  {
    "rank":148,
    "student_code":22010505,
    "name":"يوسف محمد السيد احمد محمد",
    "grade":88.85
  },
  {
    "rank":149,
    "student_code":22010100,
    "name":"تسنيم حسن مصطفى حسن عفيفى",
    "grade":88.83
  },
  {
    "rank":150,
    "student_code":22010322,
    "name":"ليلى احمد محمد على",
    "grade":88.83
  },
  {
    "rank":151,
    "student_code":22010361,
    "name":"محمد على احمد خفاجى",
    "grade":88.8
  },
  {
    "rank":152,
    "student_code":22010006,
    "name":"احمد ابراهيم احمد عبدالشافى",
    "grade":88.77
  },
  {
    "rank":153,
    "student_code":22010145,
    "name":"رضوى محمد سعيد حسن احمد",
    "grade":88.77
  },
  {
    "rank":118,
    "student_code":22015028,
    "name":"اميرة عبدالعال رأفت عبدالعال كفورى",
    "grade":88.7
  },
  {
    "rank":154,
    "student_code":22010369,
    "name":"محمد محمود عبدالله عبد النبى الحديدي",
    "grade":88.67
  },
  {
    "rank":123,
    "student_code":22015077,
    "name":"شهد ايهاب حسن محمد شلبى",
    "grade":88.61
  },
  {
    "rank":155,
    "student_code":22010325,
    "name":"ماركو رأفت بسطه نصرالله",
    "grade":88.56
  },
  {
    "rank":156,
    "student_code":22010406,
    "name":"مريم منير احمد سبع",
    "grade":88.53
  },
  {
    "rank":157,
    "student_code":22010371,
    "name":"محمد مختار ابراهيم حسن صالح ابوهانى",
    "grade":88.51
  },
  {
    "rank":158,
    "student_code":22010464,
    "name":"نادين محمد عبدالفتاح أبوالنور",
    "grade":88.51
  },
  {
    "rank":159,
    "student_code":22010124,
    "name":"حسن فتحى بخيت احمد",
    "grade":88.47
  },
  {
    "rank":160,
    "student_code":22010234,
    "name":"عبدالرحمن عاطف محمد احمد سلام",
    "grade":88.46
  },
  {
    "rank":161,
    "student_code":22010144,
    "name":"رضوى عماد محمد الليثى",
    "grade":88.44
  },
  {
    "rank":162,
    "student_code":22010413,
    "name":"مصطفى السيد عبدالرحمن محمد عبدالكريم",
    "grade":88.43
  },
  {
    "rank":163,
    "student_code":22010414,
    "name":"مصطفى تامر قاسم السيد قاسم",
    "grade":88.25
  },
  {
    "rank":132,
    "student_code":22015014,
    "name":"احمد نصر حسن محمد منصور",
    "grade":88.21
  },
  {
    "rank":164,
    "student_code":22010292,
    "name":"عهد ماجد رزق حواش",
    "grade":88.2
  },
  {
    "rank":165,
    "student_code":22010128,
    "name":"حنين بكر محمد محمد حلمى",
    "grade":88.17
  },
  {
    "rank":166,
    "student_code":22010155,
    "name":"روان الشاذلى عبدالحميد سليمان حسن",
    "grade":88.13
  },
  {
    "rank":167,
    "student_code":22010389,
    "name":"محمود محمد محمد سالم المرشدى",
    "grade":88.12
  },
  {
    "rank":168,
    "student_code":22010324,
    "name":"مارك بهجت حشمت فهمى",
    "grade":88.03
  },
  {
    "rank":169,
    "student_code":22010182,
    "name":"ساره اسامه على حسن",
    "grade":88.01
  },
  {
    "rank":135,
    "student_code":22015131,
    "name":"محمد محمد حسنين إسماعيل الشافعي",
    "grade":87.99
  },
  {
    "rank":170,
    "student_code":22010347,
    "name":"محمد حلمى هواف عبدالعظيم",
    "grade":87.97
  },
  {
    "rank":171,
    "student_code":22010088,
    "name":"ايه محمد عبدالحكيم محمد غانم",
    "grade":87.96
  },
  {
    "rank":172,
    "student_code":22010283,
    "name":"عمرو إيهاب حسيني سالم",
    "grade":87.92
  },
  {
    "rank":136,
    "student_code":22015075,
    "name":"شروق سامى عبد الفتاح عبده",
    "grade":87.89
  },
  {
    "rank":173,
    "student_code":22010412,
    "name":"مصطفى اشرف مصطفى على بدر",
    "grade":87.86
  },
  {
    "rank":174,
    "student_code":22010290,
    "name":"عمرو وائل الحسين عبدالجابر",
    "grade":87.85
  },
  {
    "rank":175,
    "student_code":22010320,
    "name":"لافنيا سامح صبحى مجلى",
    "grade":87.77
  },
  {
    "rank":176,
    "student_code":22010450,
    "name":"مؤمن ضياءالدين مهدى شفيق دندن",
    "grade":87.75
  },
  {
    "rank":141,
    "student_code":22015044,
    "name":"حازم خالد حلوان شحات",
    "grade":87.74
  },
  {
    "rank":177,
    "student_code":22010448,
    "name":"مؤمن جمال عبدالخالق عبدربه",
    "grade":87.68
  },
  {
    "rank":178,
    "student_code":22010400,
    "name":"مريم سمير اسعد جرجس",
    "grade":87.68
  },
  {
    "rank":179,
    "student_code":22010060,
    "name":"اسيل احمدى محمد اسماعيل",
    "grade":87.67
  },
  {
    "rank":180,
    "student_code":22010387,
    "name":"محمود محسن السعيد محمد شمس الدين",
    "grade":87.67
  },
  {
    "rank":181,
    "student_code":22010117,
    "name":"حازم منصور عبدالجليل منصور",
    "grade":87.6
  },
  {
    "rank":182,
    "student_code":22010008,
    "name":"احمد السيد سليم ثابت",
    "grade":87.51
  },
  {
    "rank":183,
    "student_code":22010020,
    "name":"احمد سامح محمد عبدالبرالجتمة",
    "grade":87.5
  },
  {
    "rank":184,
    "student_code":22010166,
    "name":"ريم محمد طلعت الشافعى",
    "grade":87.41
  },
  {
    "rank":185,
    "student_code":22010130,
    "name":"حنين محمد عزب شرف",
    "grade":87.4
  },
  {
    "rank":186,
    "student_code":22010457,
    "name":"ميريام امير فيكتور حنين",
    "grade":87.34
  },
  {
    "rank":187,
    "student_code":22010394,
    "name":"مروان محمد عبدالفتاح عبدالرؤف الصيفى",
    "grade":87.28
  },
  {
    "rank":188,
    "student_code":22010239,
    "name":"عبدالرحمن محمد عصمت خطاب",
    "grade":87.26
  },
  {
    "rank":189,
    "student_code":22010350,
    "name":"محمد سعيد البلتاجى خفاجة",
    "grade":87.2
  },
  {
    "rank":190,
    "student_code":22010154,
    "name":"روان احمد فتحى عبدالحميد",
    "grade":87.18
  },
  {
    "rank":151,
    "student_code":22015166,
    "name":"هاجر رضا عبد المنعم عبد الونيس",
    "grade":87.13
  },
  {
    "rank":191,
    "student_code":22010150,
    "name":"رنا ايمن سعد ابراهيم السعدنى",
    "grade":87.09
  },
  {
    "rank":192,
    "student_code":22010473,
    "name":"نرمين فؤاد سيد عبدالرحمن",
    "grade":86.97
  },
  {
    "rank":153,
    "student_code":22015116,
    "name":"محمد بسيونى شعبان مصطفى",
    "grade":86.95
  },
  {
    "rank":193,
    "student_code":22010068,
    "name":"الاء ياسر ادريس محمد مرعى",
    "grade":86.93
  },
  {
    "rank":194,
    "student_code":22010231,
    "name":"عبدالرحمن حازم حلمى محمد",
    "grade":86.92
  },
  {
    "rank":195,
    "student_code":22010209,
    "name":"شهاب محمد عبدالوهاب محمد عبدالوهاب",
    "grade":86.85
  },
  {
    "rank":196,
    "student_code":22010065,
    "name":"الاء عبدالشكور احمد عبدالشكور",
    "grade":86.84
  },
  {
    "rank":197,
    "student_code":22010245,
    "name":"عبدالعاطى حماده عبدالعاطى سعد حمد",
    "grade":86.8
  },
  {
    "rank":198,
    "student_code":22010050,
    "name":"احمد ياسر محمد الكرمانى ابوستيت",
    "grade":86.76
  },
  {
    "rank":199,
    "student_code":22010297,
    "name":"فاروق عبدالرحمن متولي حسين عبدالحميد",
    "grade":86.7
  },
  {
    "rank":200,
    "student_code":22010197,
    "name":"سما احمد لطفى عبدالرحمن",
    "grade":86.67
  },
  {
    "rank":161,
    "student_code":22015177,
    "name":"وفاء السعيد سيد احمد محمد قاسم",
    "grade":86.64
  },
  {
    "rank":160,
    "student_code":22015158,
    "name":"نبيل إبراهيم لطفي عثمان",
    "grade":86.63
  },
  {
    "rank":201,
    "student_code":22010002,
    "name":"ابرار ايمن عبدالله السيد على",
    "grade":86.53
  },
  {
    "rank":202,
    "student_code":22010349,
    "name":"محمد سامى عبدالخالق عبد المنعم عسل",
    "grade":86.49
  },
  {
    "rank":203,
    "student_code":22010087,
    "name":"ايه طارق مبروك محمد مبروك",
    "grade":86.44
  },
  {
    "rank":204,
    "student_code":22010005,
    "name":"ابراهيم محمد مصطفى سميه",
    "grade":86.43
  },
  {
    "rank":205,
    "student_code":22010430,
    "name":"منار وليد عبدالرحمن محمد عمر",
    "grade":86.43
  },
  {
    "rank":206,
    "student_code":22010452,
    "name":"مي رأفت كرم عبدالعظيم",
    "grade":86.42
  },
  {
    "rank":207,
    "student_code":22010188,
    "name":"ساندى هانى يوسف خليل يوسف",
    "grade":86.35
  },
  {
    "rank":208,
    "student_code":22010341,
    "name":"محمد تامر محمد شعبان عبد العزيز",
    "grade":86.34
  },
  {
    "rank":209,
    "student_code":22010191,
    "name":"سلمى انسان على محمد",
    "grade":86.33
  },
  {
    "rank":210,
    "student_code":22010504,
    "name":"يوسف محمد السعيد احمد رجب",
    "grade":86.33
  },
  {
    "rank":211,
    "student_code":22010058,
    "name":"اسلام مصطفى على عطيه عامر",
    "grade":86.29
  },
  {
    "rank":212,
    "student_code":22010141,
    "name":"رأفت جمال عبداللطيف محمد شاهين",
    "grade":86.26
  },
  {
    "rank":213,
    "student_code":22010156,
    "name":"روان امير محمد نصر الدين",
    "grade":86.24
  },
  {
    "rank":214,
    "student_code":22010055,
    "name":"اسامه محمد فتحى عبدالفتاح حسين",
    "grade":86.2
  },
  {
    "rank":215,
    "student_code":22010094,
    "name":"بسمله حاتم فتحى زكى عمر بدر",
    "grade":86.18
  },
  {
    "rank":216,
    "student_code":22010009,
    "name":"احمد امير عبدالله احمد",
    "grade":86.14
  },
  {
    "rank":217,
    "student_code":22010011,
    "name":"احمد حسن شوقى محمود",
    "grade":86.14
  },
  {
    "rank":218,
    "student_code":22010411,
    "name":"مصطفى احمد عبدالعزيز احمد على",
    "grade":86.09
  },
  {
    "rank":219,
    "student_code":22010459,
    "name":"مينا رزيقى تمرى يعقوب",
    "grade":86.09
  },
  {
    "rank":220,
    "student_code":22010449,
    "name":"مؤمن حماده احمد ابراهيم",
    "grade":85.99
  },
  {
    "rank":221,
    "student_code":22010312,
    "name":"كارين ايهاب عزمى عبدالمسيح",
    "grade":85.97
  },
  {
    "rank":176,
    "student_code":22015047,
    "name":"حسناء حمدي علي ابو السعود",
    "grade":85.96
  },
  {
    "rank":222,
    "student_code":22010059,
    "name":"اسماء اشرف محمدى امام ابوعيسى",
    "grade":85.95
  },
  {
    "rank":175,
    "student_code":22015003,
    "name":"ابراهيم حسام ابراهيم احمد",
    "grade":85.95
  },
  {
    "rank":223,
    "student_code":22010264,
    "name":"على هانى قاسم على نعيم",
    "grade":85.94
  },
  {
    "rank":224,
    "student_code":22010337,
    "name":"محمد احمد محمد مصطفى",
    "grade":85.94
  },
  {
    "rank":225,
    "student_code":22010435,
    "name":"منه الله عرفات عطيه عرفات",
    "grade":85.93
  },
  {
    "rank":226,
    "student_code":22010263,
    "name":"على هانى على محمد مصطفى",
    "grade":85.91
  },
  {
    "rank":227,
    "student_code":22010180,
    "name":"زينب وحيد محمد ابوسريع",
    "grade":85.82
  },
  {
    "rank":178,
    "student_code":22015103,
    "name":"فداء عصام محمد خليل الحاوى",
    "grade":85.8
  },
  {
    "rank":228,
    "student_code":22010236,
    "name":"عبدالرحمن عماد السيد سليمان الفحل",
    "grade":85.77
  },
  {
    "rank":229,
    "student_code":22010246,
    "name":"عبدالعزيز على محمد محمود",
    "grade":85.75
  },
  {
    "rank":230,
    "student_code":22010438,
    "name":"منه الله ممدوح يوسف الباكر خفاجى",
    "grade":85.7
  },
  {
    "rank":231,
    "student_code":22010302,
    "name":"فداء مصطفى محمد سيد احمد على هيكل",
    "grade":85.68
  },
  {
    "rank":232,
    "student_code":22010081,
    "name":"ايثار احمد محمد عبدالهادى النجار",
    "grade":85.67
  },
  {
    "rank":233,
    "student_code":22010040,
    "name":"احمد محمود احمد محمود ابراهيم",
    "grade":85.65
  },
  {
    "rank":234,
    "student_code":22010336,
    "name":"محمد احمد محمد سيد احمد احمد",
    "grade":85.65
  },
  {
    "rank":235,
    "student_code":22010140,
    "name":"رامى يحيى جميل صبرى ابو خطوه",
    "grade":85.64
  },
  {
    "rank":236,
    "student_code":22010380,
    "name":"محمود ابراهيم ابراهيم عباس",
    "grade":85.57
  },
  {
    "rank":237,
    "student_code":22010433,
    "name":"منه الله اسامة مصطفى العريان",
    "grade":85.55
  },
  {
    "rank":238,
    "student_code":22010120,
    "name":"حبيبه سامى احمد عبداللطيف",
    "grade":85.5
  },
  {
    "rank":239,
    "student_code":22010410,
    "name":"مشيره احمد عبدالمنعم بيومي",
    "grade":85.46
  },
  {
    "rank":240,
    "student_code":22010080,
    "name":"اياد محمد صبرى مشحوت عمار",
    "grade":85.44
  },
  {
    "rank":241,
    "student_code":22010110,
    "name":"جنى محمد محمد جوده السيد سيد احمد",
    "grade":85.43
  },
  {
    "rank":242,
    "student_code":22010067,
    "name":"الاء مصطفى اسماعيل محمد الصعيدى",
    "grade":85.37
  },
  {
    "rank":243,
    "student_code":22010241,
    "name":"عبدالرحمن هاني عبدالحميد عبدالرحمن",
    "grade":85.34
  },
  {
    "rank":244,
    "student_code":22010388,
    "name":"محمود محمد شوقى عطوه الديب",
    "grade":85.3
  },
  {
    "rank":245,
    "student_code":22010467,
    "name":"ندى ايمن ابراهيم محمد محمد الرشيدى",
    "grade":85.29
  },
  {
    "rank":246,
    "student_code":22010232,
    "name":"عبدالرحمن حسام عبده محمود طولان",
    "grade":85.28
  },
  {
    "rank":247,
    "student_code":22010178,
    "name":"زياد ياسر يحى محمد",
    "grade":85.19
  },
  {
    "rank":248,
    "student_code":22010392,
    "name":"مروان ابراهيم عبدالمنعم محمد عبده",
    "grade":85.17
  },
  {
    "rank":249,
    "student_code":22015101,
    "name":"فاطمة محمود غلاب كامل",
    "grade":85.14
  },
  {
    "rank":250,
    "student_code":22010007,
    "name":"احمد اشرف سيد عبدالعزيز المزين",
    "grade":85.11
  },
  {
    "rank":251,
    "student_code":22010091,
    "name":"بتول محمد احمد ماهر احمد حسين",
    "grade":85.06
  },
  {
    "rank":252,
    "student_code":22010195,
    "name":"سلمى محمد محمد حسن البيه",
    "grade":85.03
  },
  {
    "rank":194,
    "student_code":22015087,
    "name":"عبدالرحمن وحيد علي محمد",
    "grade":85.03
  },
  {
    "rank":253,
    "student_code":22010296,
    "name":"فارس محمد عبداللطيف محمود الشافعى",
    "grade":84.87
  },
  {
    "rank":254,
    "student_code":22010168,
    "name":"ريم هاني عبدالرحمن سليمان",
    "grade":84.81
  },
  {
    "rank":255,
    "student_code":22010272,
    "name":"عمر ايمن على امين على",
    "grade":84.79
  },
  {
    "rank":256,
    "student_code":22015051,
    "name":"خلود حسين فتحي جمعة",
    "grade":84.75
  },
  {
    "rank":257,
    "student_code":22010469,
    "name":"ندى طه عبدالحميد الرهاوى",
    "grade":84.73
  },
  {
    "rank":258,
    "student_code":22010012,
    "name":"احمد خالد عباس نصار",
    "grade":84.65
  },
  {
    "rank":259,
    "student_code":22010286,
    "name":"عمرو عبدالرحمن على على نصار",
    "grade":84.62
  },
  {
    "rank":260,
    "student_code":22010098,
    "name":"بسمه شكرى محمد دسوقى",
    "grade":84.6
  },
  {
    "rank":261,
    "student_code":22015095,
    "name":"علي قاسم علي التابعي",
    "grade":84.59
  },
  {
    "rank":262,
    "student_code":22010352,
    "name":"محمد صفوت امين ابو النور",
    "grade":84.58
  },
  {
    "rank":263,
    "student_code":22015062,
    "name":"روان رمضان حافظ مبروك",
    "grade":84.58
  },
  {
    "rank":264,
    "student_code":22015072,
    "name":"سهيله سعيد مبروك محمد",
    "grade":84.58
  },
  {
    "rank":265,
    "student_code":22010503,
    "name":"يوسف عمرو جمال يوسف جبه",
    "grade":84.55
  },
  {
    "rank":212,
    "student_code":22015036,
    "name":"احمد فكري عبدالحميد عبدالجواد زامل",
    "grade":84.43
  },
  {
    "rank":266,
    "student_code":22010282,
    "name":"عمر نبيل فاضل عبدالهادى",
    "grade":84.4
  },
  {
    "rank":267,
    "student_code":22010161,
    "name":"روان عامر شبل عبدالسميع ابراهيم",
    "grade":84.31
  },
  {
    "rank":268,
    "student_code":22010086,
    "name":"ايه صفوت يوسف سلطان",
    "grade":84.26
  },
  {
    "rank":269,
    "student_code":22010244,
    "name":"عبدالرحمن يوسف حسن يوسف",
    "grade":84.26
  },
  {
    "rank":270,
    "student_code":22010376,
    "name":"محمد هشام فاروق محمدي",
    "grade":84.26
  },
  {
    "rank":216,
    "student_code":22015108,
    "name":"كيرلس هانى بشرى حكيم",
    "grade":84.25
  },
  {
    "rank":271,
    "student_code":22010501,
    "name":"يوسف سمير حليم ابراهيم",
    "grade":84.22
  },
  {
    "rank":217,
    "student_code":22015033,
    "name":"ايمان عبدالرحيم طلبة عبد الرؤف شعبان",
    "grade":84.16
  },
  {
    "rank":272,
    "student_code":22010401,
    "name":"مريم عبدالله عبدالبر حسين عبدالعال",
    "grade":84.15
  },
  {
    "rank":273,
    "student_code":22010319,
    "name":"كنزى عادل السيد عبدالمجيد عبدالعاطى",
    "grade":84.04
  },
  {
    "rank":274,
    "student_code":22010125,
    "name":"حسن مصطفى حسن قحف",
    "grade":84.01
  },
  {
    "rank":224,
    "student_code":22015025,
    "name":"الزهراء الصغير بسيونى احمد مطر",
    "grade":84.0
  },
  {
    "rank":275,
    "student_code":22010357,
    "name":"محمد عبدالسلام عبدالحميد عبدالسلام",
    "grade":83.99
  },
  {
    "rank":276,
    "student_code":22010308,
    "name":"فرح محمد طاهر زيدان",
    "grade":83.95
  },
  {
    "rank":277,
    "student_code":22010001,
    "name":"ابانوب جرجس صبحى جرجس",
    "grade":83.9
  },
  {
    "rank":278,
    "student_code":22010278,
    "name":"عمر مجدي فزاع احمد فزاع",
    "grade":83.89
  },
  {
    "rank":279,
    "student_code":22010010,
    "name":"احمد جمال عبداللطيف عابدين",
    "grade":83.86
  },
  {
    "rank":280,
    "student_code":22010331,
    "name":"محمد احمد محمد حسين حسن لاشين",
    "grade":83.86
  },
  {
    "rank":281,
    "student_code":22010489,
    "name":"هبة عبدالعظيم حامد سالم حسين",
    "grade":83.86
  },
  {
    "rank":230,
    "student_code":22015034,
    "name":"احمد السعيد عبدالسلام المؤذن",
    "grade":83.83
  },
  {
    "rank":282,
    "student_code":22010184,
    "name":"ساره سعيد رزق يوسف سليمان",
    "grade":83.82
  },
  {
    "rank":283,
    "student_code":22010402,
    "name":"مريم عمرو عبدالمولى حسين",
    "grade":83.82
  },
  {
    "rank":284,
    "student_code":22010295,
    "name":"فادى عاطف عريان فانوس",
    "grade":83.77
  },
  {
    "rank":285,
    "student_code":22010147,
    "name":"رفيده رفيق عبده حامد جعفر",
    "grade":83.74
  },
  {
    "rank":286,
    "student_code":22010169,
    "name":"ريم وسام عبدالمنعم البنا",
    "grade":83.71
  },
  {
    "rank":287,
    "student_code":22010126,
    "name":"حسناء عماد عبدالستار زيدان",
    "grade":83.69
  },
  {
    "rank":288,
    "student_code":22010298,
    "name":"فاطمة نادر نجيب عبدالفتاح",
    "grade":83.69
  },
  {
    "rank":289,
    "student_code":22010373,
    "name":"محمد مصطفى عبدالفتاح مصطفى فياض",
    "grade":83.67
  },
  {
    "rank":290,
    "student_code":22010254,
    "name":"عبدالله محمد احمد حسانين",
    "grade":83.66
  },
  {
    "rank":291,
    "student_code":22010274,
    "name":"عمر شريف يوسف السيد يحي",
    "grade":83.66
  },
  {
    "rank":292,
    "student_code":22010420,
    "name":"مصطفى محمد مصطفى السباعى الجمل",
    "grade":83.56
  },
  {
    "rank":293,
    "student_code":22010260,
    "name":"عبدالوهاب محمد السيد عبدالمعطى",
    "grade":83.52
  },
  {
    "rank":294,
    "student_code":22010484,
    "name":"نورهان وسيم محمد سليم احمد",
    "grade":83.5
  },
  {
    "rank":295,
    "student_code":22010500,
    "name":"يوسف رضا فريد الصادق سرحان",
    "grade":83.5
  },
  {
    "rank":296,
    "student_code":22010108,
    "name":"جنى ايمن فؤاد غنيم جرباش",
    "grade":83.49
  },
  {
    "rank":297,
    "student_code":22015142,
    "name":"مريم عصام محمود لطفي عبدالرحمن",
    "grade":83.39
  },
  {
    "rank":298,
    "student_code":22010019,
    "name":"احمد رضا عبد العاطى عطا الله",
    "grade":83.38
  },
  {
    "rank":299,
    "student_code":22015123,
    "name":"محمد عبد المقصود سعد شويل",
    "grade":83.36
  },
  {
    "rank":300,
    "student_code":22010208,
    "name":"شاهندا عبدالمقصود عبدالقادر سليمان",
    "grade":83.34
  },
  {
    "rank":301,
    "student_code":22010038,
    "name":"احمد محمد عرفه عبد رب النبى",
    "grade":83.3
  },
  {
    "rank":302,
    "student_code":22010175,
    "name":"زياد عماد محمود ابراهيم",
    "grade":83.28
  },
  {
    "rank":303,
    "student_code":22010043,
    "name":"احمد محمود مصطفى امام شريف",
    "grade":83.27
  },
  {
    "rank":304,
    "student_code":22015157,
    "name":"نانسى عبد السلام السيد على",
    "grade":83.17
  },
  {
    "rank":305,
    "student_code":22010379,
    "name":"محمد يحيى حسنين محمد",
    "grade":83.13
  },
  {
    "rank":306,
    "student_code":22010326,
    "name":"ماريان هانى عريان فام واصف",
    "grade":83.1
  },
  {
    "rank":251,
    "student_code":22015173,
    "name":"وسام احمد علي حافظ",
    "grade":83.07
  },
  {
    "rank":307,
    "student_code":22010003,
    "name":"ابراهيم على محمد رمضان حسن",
    "grade":82.99
  },
  {
    "rank":308,
    "student_code":22010017,
    "name":"احمد رشدى العربى اسماعيل",
    "grade":82.93
  },
  {
    "rank":309,
    "student_code":22010479,
    "name":"نوران عبدالحميد احمد عبدالحميد الرفاعى",
    "grade":82.89
  },
  {
    "rank":253,
    "student_code":22015056,
    "name":"رحمة أحمد عبد الراضي محمد",
    "grade":82.83
  },
  {
    "rank":310,
    "student_code":22010152,
    "name":"رندا عماد فاضل مصطفى",
    "grade":82.82
  },
  {
    "rank":311,
    "student_code":22010084,
    "name":"ايه جمال محمود امين عزب",
    "grade":82.73
  },
  {
    "rank":312,
    "student_code":22010490,
    "name":"هشام هانى عبدالمحسن عبدالرحيم حسن",
    "grade":82.73
  },
  {
    "rank":313,
    "student_code":22010035,
    "name":"احمد محمد رفعت معروف",
    "grade":82.7
  },
  {
    "rank":314,
    "student_code":22010502,
    "name":"يوسف عماد السيد عبد الحميد",
    "grade":82.69
  },
  {
    "rank":315,
    "student_code":22010093,
    "name":"بسمله احمد ابراهيم الخطيب",
    "grade":82.63
  },
  {
    "rank":316,
    "student_code":22015132,
    "name":"محمد مدحت حسن محمد صالح",
    "grade":82.63
  },
  {
    "rank":317,
    "student_code":22010332,
    "name":"محمد ابراهيم على احمد عبيد",
    "grade":82.62
  },
  {
    "rank":318,
    "student_code":22010226,
    "name":"عبدالرحمن السعيد طلعت على السعدنى",
    "grade":82.61
  },
  {
    "rank":319,
    "student_code":22010323,
    "name":"مارتينا الشحات حبيب عوض سلامه",
    "grade":82.59
  },
  {
    "rank":320,
    "student_code":22010076,
    "name":"اميره عبدالمنعم زكى عبدالمعطى",
    "grade":82.58
  },
  {
    "rank":321,
    "student_code":22010370,
    "name":"محمد محمود مخيمر نصر مخيمر",
    "grade":82.56
  },
  {
    "rank":322,
    "student_code":22010243,
    "name":"عبدالرحمن هشام عبدالعزيز السيد",
    "grade":82.54
  },
  {
    "rank":323,
    "student_code":22010092,
    "name":"بسمله ابراهيم سعيد السيد السيد",
    "grade":82.53
  },
  {
    "rank":324,
    "student_code":22010445,
    "name":"مهاب حسين بسيونى عرفه",
    "grade":82.43
  },
  {
    "rank":325,
    "student_code":22010315,
    "name":"كريم سامح سعيد احمد ابوخريطة",
    "grade":82.4
  },
  {
    "rank":326,
    "student_code":22010266,
    "name":"عمار محمد طاهر محمد الشرشابي",
    "grade":82.38
  },
  {
    "rank":327,
    "student_code":22010306,
    "name":"فرح طارق محمد شقران",
    "grade":82.35
  },
  {
    "rank":328,
    "student_code":22015180,
    "name":"الشيماء اشرف عبدالصمد عبدالله",
    "grade":82.33
  },
  {
    "rank":329,
    "student_code":22010417,
    "name":"مصطفى رشدي عبدالحميد سالم",
    "grade":82.32
  },
  {
    "rank":330,
    "student_code":22010148,
    "name":"رفيده عباس السيد الاشمونى",
    "grade":82.31
  },
  {
    "rank":331,
    "student_code":22010109,
    "name":"جنى محمد محمد ابراهيم شريف",
    "grade":82.17
  },
  {
    "rank":332,
    "student_code":22010434,
    "name":"منه الله طارق على حامد سليمان",
    "grade":82.14
  },
  {
    "rank":333,
    "student_code":22010194,
    "name":"سلمى محمد احمد محمد عوض الله",
    "grade":82.13
  },
  {
    "rank":334,
    "student_code":22010398,
    "name":"مريم احمد السيد احمد",
    "grade":82.13
  },
  {
    "rank":275,
    "student_code":22015105,
    "name":"كارولين اسحق وجية",
    "grade":82.08
  },
  {
    "rank":335,
    "student_code":22010289,
    "name":"عمرو هانى عبدالمنعم بدوى",
    "grade":82.02
  },
  {
    "rank":336,
    "student_code":22010200,
    "name":"سمر ايمن ابراهيم فرحات",
    "grade":82.01
  },
  {
    "rank":337,
    "student_code":22010424,
    "name":"ملك امين صلاح امين منصور",
    "grade":82.0
  },
  {
    "rank":338,
    "student_code":22010441,
    "name":"منه سامح محمد عباس محمود",
    "grade":82.0
  },
  {
    "rank":339,
    "student_code":22015114,
    "name":"محمد إيهاب سعيد رجب",
    "grade":81.97
  },
  {
    "rank":340,
    "student_code":22015141,
    "name":"مريم شعبان فايق علواني",
    "grade":81.97
  },
  {
    "rank":341,
    "student_code":22015057,
    "name":"رحمه صبحي انور منصور سلام",
    "grade":81.82
  },
  {
    "rank":342,
    "student_code":22010368,
    "name":"محمد محمد عبدالشافى شاهين",
    "grade":81.76
  },
  {
    "rank":343,
    "student_code":22015104,
    "name":"فريدة حسانين مصطفى إبراهيم",
    "grade":81.72
  },
  {
    "rank":344,
    "student_code":22010356,
    "name":"محمد عبدالرؤف زكريا سيد",
    "grade":81.7
  },
  {
    "rank":345,
    "student_code":22010288,
    "name":"عمرو محمد على السيد عبده",
    "grade":81.68
  },
  {
    "rank":346,
    "student_code":22010338,
    "name":"محمد اسماعيل محمد ابراهيم السيد",
    "grade":81.59
  },
  {
    "rank":347,
    "student_code":22010265,
    "name":"علياء احمد السيد علي",
    "grade":81.52
  },
  {
    "rank":348,
    "student_code":22010404,
    "name":"مريم محمد عبدالرحمن محمد",
    "grade":81.51
  },
  {
    "rank":349,
    "student_code":22010301,
    "name":"فاطمه رضا ابراهيم يوسف الديب",
    "grade":81.48
  },
  {
    "rank":350,
    "student_code":22010451,
    "name":"مؤمن محمد سليمان سيد احمد سليمان",
    "grade":81.41
  },
  {
    "rank":351,
    "student_code":22010316,
    "name":"كريم محمد عنتر عبدالله",
    "grade":81.37
  },
  {
    "rank":352,
    "student_code":22015005,
    "name":"احمد جمال احمد على",
    "grade":81.37
  },
  {
    "rank":353,
    "student_code":22010304,
    "name":"فرح رزق رزق على",
    "grade":81.33
  },
  {
    "rank":354,
    "student_code":22015134,
    "name":"محمد ناصر اسحق احمد",
    "grade":81.25
  },
  {
    "rank":355,
    "student_code":22010429,
    "name":"ممدوح ياسر ممدوح جبرائيل السيد",
    "grade":81.24
  },
  {
    "rank":356,
    "student_code":22010198,
    "name":"سماء حسام عبدالصبور محمد",
    "grade":81.19
  },
  {
    "rank":357,
    "student_code":22010207,
    "name":"سيف علاء الدين محمد قمر",
    "grade":81.06
  },
  {
    "rank":358,
    "student_code":22010365,
    "name":"محمد كرم عبدالعزيز حمد",
    "grade":81.04
  },
  {
    "rank":359,
    "student_code":22010276,
    "name":"عمر عبدالرحيم مصطفي عبدالرحيم",
    "grade":81.01
  },
  {
    "rank":360,
    "student_code":22015082,
    "name":"عبدالرحمن محسن السيد باز",
    "grade":80.97
  },
  {
    "rank":361,
    "student_code":22010217,
    "name":"صفا محمد امين عبدالواحد",
    "grade":80.96
  },
  {
    "rank":362,
    "student_code":22010358,
    "name":"محمد عبدالعزيز إبراهيم عثمان",
    "grade":80.9
  },
  {
    "rank":363,
    "student_code":22010439,
    "name":"منه الله هانى شاكر عبد الباسط",
    "grade":80.88
  },
  {
    "rank":364,
    "student_code":22010293,
    "name":"عيد ميمي عيد السيد ابوالنجا",
    "grade":80.87
  },
  {
    "rank":365,
    "student_code":22015054,
    "name":"رانيا محمد شعبان احمد عطية",
    "grade":80.86
  },
  {
    "rank":366,
    "student_code":22010471,
    "name":"ندى ياسر خليل ابراهيم خليل",
    "grade":80.85
  },
  {
    "rank":367,
    "student_code":22010025,
    "name":"احمد عامر عبدالحميد محمد محمود",
    "grade":80.84
  },
  {
    "rank":368,
    "student_code":22010423,
    "name":"ملك احمد محمد السيد",
    "grade":80.84
  },
  {
    "rank":369,
    "student_code":22010127,
    "name":"حمدى السيد فوزى راضى موسى",
    "grade":80.71
  },
  {
    "rank":370,
    "student_code":22010346,
    "name":"محمد حسنى محمد امين احمد",
    "grade":80.71
  },
  {
    "rank":371,
    "student_code":22010211,
    "name":"شهد سراج عبدالقوى على",
    "grade":80.7
  },
  {
    "rank":372,
    "student_code":22010261,
    "name":"عزيزه نصر محمد منتصر على",
    "grade":80.62
  },
  {
    "rank":373,
    "student_code":22010431,
    "name":"منه احمد ابراهيم ناجى",
    "grade":80.6
  },
  {
    "rank":374,
    "student_code":22010201,
    "name":"سميه كرم ابراهيم جمعه",
    "grade":80.58
  },
  {
    "rank":375,
    "student_code":22010355,
    "name":"محمد عبدالحميد محمد الحناوى",
    "grade":80.58
  },
  {
    "rank":376,
    "student_code":22010164,
    "name":"روزان عمر على سالم سالم",
    "grade":80.57
  },
  {
    "rank":377,
    "student_code":22010090,
    "name":"باسل احمد عبدالقادر حموده ابوشال",
    "grade":80.56
  },
  {
    "rank":378,
    "student_code":22010099,
    "name":"بيريهان تامر عزت عبدالعزيز محمد",
    "grade":80.56
  },
  {
    "rank":379,
    "student_code":22010045,
    "name":"احمد مصطفى صابر حسين رزق",
    "grade":80.55
  },
  {
    "rank":380,
    "student_code":22015169,
    "name":"هدير عادل محمد محمد",
    "grade":80.49
  },
  {
    "rank":381,
    "student_code":22015140,
    "name":"محمود محمد خليل محمد",
    "grade":80.47
  },
  {
    "rank":382,
    "student_code":22010095,
    "name":"بسمله سعيد سليمان عبدالفتاح",
    "grade":80.46
  },
  {
    "rank":383,
    "student_code":22010271,
    "name":"عمر المهدى احمد شحاته ابوالمعاطى",
    "grade":80.39
  },
  {
    "rank":384,
    "student_code":22010383,
    "name":"محمود احمد محمد عبد العال",
    "grade":80.39
  },
  {
    "rank":385,
    "student_code":22010167,
    "name":"ريم محمد فاروق احمد",
    "grade":80.28
  },
  {
    "rank":386,
    "student_code":22010314,
    "name":"كريم خالد السيد محمد",
    "grade":80.28
  },
  {
    "rank":387,
    "student_code":22015162,
    "name":"نوران خالد السيد محمد",
    "grade":80.26
  },
  {
    "rank":388,
    "student_code":22015175,
    "name":"يوسف سيد عبد الحليم ربيع منصور",
    "grade":80.21
  },
  {
    "rank":389,
    "student_code":22010321,
    "name":"لجين ايمن عباس عبدالجواد",
    "grade":80.15
  },
  {
    "rank":390,
    "student_code":22010036,
    "name":"احمد محمد رمضان غريب",
    "grade":80.01
  },
  {
    "rank":391,
    "student_code":22010427,
    "name":"ملك ماهر حسين حسن يوسف",
    "grade":80.0
  },
  {
    "rank":392,
    "student_code":22010487,
    "name":"هايدى هيثم محمد مرزوق",
    "grade":79.96
  },
  {
    "rank":393,
    "student_code":22010222,
    "name":"عبدالحليم محمد دياب ابوالعزم",
    "grade":79.91
  },
  {
    "rank":394,
    "student_code":22010506,
    "name":"يوسف محمود احمد فؤاد احمد",
    "grade":79.91
  },
  {
    "rank":395,
    "student_code":22010054,
    "name":"اسامه صفى الدين احمد احمد اسماعيل",
    "grade":79.87
  },
  {
    "rank":396,
    "student_code":22010096,
    "name":"بسمله مرزوق عبدالجواد زكى الجمل",
    "grade":79.83
  },
  {
    "rank":397,
    "student_code":22010131,
    "name":"خالد ابراهيم ابراهيم محمد جاد",
    "grade":79.83
  },
  {
    "rank":398,
    "student_code":22015010,
    "name":"احمد علاء الدين صبرى اسماعيل",
    "grade":79.83
  },
  {
    "rank":399,
    "student_code":22010121,
    "name":"حبيبه محمد عبدالحميد حسن",
    "grade":79.72
  },
  {
    "rank":400,
    "student_code":22015107,
    "name":"كريم عبدالسميع محمد حنفي",
    "grade":79.63
  },
  {
    "rank":401,
    "student_code":22010472,
    "name":"ندى ياسر عبدالله جوده عبد المطلب",
    "grade":79.61
  },
  {
    "rank":402,
    "student_code":22010309,
    "name":"فريد زكريا فريد هندى",
    "grade":79.6
  },
  {
    "rank":403,
    "student_code":22010364,
    "name":"محمد قدرى عبدالحكم الدجله",
    "grade":79.55
  },
  {
    "rank":404,
    "student_code":22010149,
    "name":"رنا اكرم احمد درويش نصار",
    "grade":79.54
  },
  {
    "rank":405,
    "student_code":22010342,
    "name":"محمد جهاد محمد الشرقاوى",
    "grade":79.3
  },
  {
    "rank":406,
    "student_code":22010443,
    "name":"منه ناصر اسماعيل منصور",
    "grade":79.28
  },
  {
    "rank":407,
    "student_code":22015120,
    "name":"محمد سعد مصطفى السيد مصطفى",
    "grade":79.17
  },
  {
    "rank":408,
    "student_code":22015124,
    "name":"محمد عبدالحميد توفيق عبدالحميد",
    "grade":79.11
  },
  {
    "rank":409,
    "student_code":22010367,
    "name":"محمد مجدي عبدالمعطي عبد القادر",
    "grade":79.0
  },
  {
    "rank":410,
    "student_code":22010069,
    "name":"الحسن مصطفى حسن عبدالستار",
    "grade":78.88
  },
  {
    "rank":411,
    "student_code":22010268,
    "name":"عمر احمد عبدالغفار محمدى نوار",
    "grade":78.86
  },
  {
    "rank":412,
    "student_code":22010206,
    "name":"سيف الدين محمد عبدالستار عباس",
    "grade":78.84
  },
  {
    "rank":413,
    "student_code":22015017,
    "name":"اسراء عمر خريش محمد",
    "grade":78.84
  },
  {
    "rank":414,
    "student_code":22010310,
    "name":"فريده احمد عبدالحسيب حسن ابراهيم",
    "grade":78.8
  },
  {
    "rank":415,
    "student_code":22010378,
    "name":"محمد وليد عبدالنعيم حسانين",
    "grade":78.76
  },
  {
    "rank":416,
    "student_code":22010280,
    "name":"عمر محمد عبدالعزيز زكي شاكر",
    "grade":78.66
  },
  {
    "rank":417,
    "student_code":22010267,
    "name":"عمار ياسر احمد حسن",
    "grade":78.63
  },
  {
    "rank":418,
    "student_code":22010224,
    "name":"عبدالرحمن احمد محمد حسين",
    "grade":78.62
  },
  {
    "rank":419,
    "student_code":22010176,
    "name":"زياد محمود محمد تمراز",
    "grade":78.59
  },
  {
    "rank":420,
    "student_code":22015151,
    "name":"ملك مهدى مصطفى مهدى",
    "grade":78.49
  },
  {
    "rank":421,
    "student_code":22010171,
    "name":"زهراء محمود حسين محمود",
    "grade":78.39
  },
  {
    "rank":422,
    "student_code":22015171,
    "name":"همسة محمود علي الشنواني",
    "grade":78.38
  },
  {
    "rank":423,
    "student_code":22015122,
    "name":"محمد صلاح الدين حسان مدبولى",
    "grade":78.37
  },
  {
    "rank":424,
    "student_code":22010363,
    "name":"محمد عمرو محمد محمد ابراهيم الشعراوى",
    "grade":78.32
  },
  {
    "rank":425,
    "student_code":22010386,
    "name":"محمود على محمود مصطفي خليل",
    "grade":78.3
  },
  {
    "rank":426,
    "student_code":22010181,
    "name":"ساره احمد جمال رمضان",
    "grade":78.2
  },
  {
    "rank":427,
    "student_code":22010213,
    "name":"شهد عبدالرحمن احمد عبدالغفار",
    "grade":78.2
  },
  {
    "rank":428,
    "student_code":22010051,
    "name":"احمد ياسر محمد عواد رشيد",
    "grade":78.18
  },
  {
    "rank":429,
    "student_code":22010049,
    "name":"احمد وائل محمود السيد محمود",
    "grade":78.17
  },
  {
    "rank":430,
    "student_code":22010374,
    "name":"محمد مصطفى محمد عمر",
    "grade":78.05
  },
  {
    "rank":431,
    "student_code":22015041,
    "name":"بلال أحمد محمد أحمد",
    "grade":78.05
  },
  {
    "rank":432,
    "student_code":22010284,
    "name":"عمرو خالد احمد نجيب",
    "grade":78.03
  },
  {
    "rank":433,
    "student_code":22015152,
    "name":"منار حسانين مصطفى إبراهيم",
    "grade":78.0
  },
  {
    "rank":434,
    "student_code":22010077,
    "name":"امين ايهاب على عليوه",
    "grade":77.94
  },
  {
    "rank":435,
    "student_code":22010311,
    "name":"فيليب جورج صديق فهيم",
    "grade":77.93
  },
  {
    "rank":436,
    "student_code":22010279,
    "name":"عمر محمد عبدالراضي حسن النورى",
    "grade":77.91
  },
  {
    "rank":437,
    "student_code":22010196,
    "name":"سلمى نسيم مصطفى صالح جاد الله",
    "grade":77.9
  },
  {
    "rank":438,
    "student_code":22010030,
    "name":"احمد على حافظ السيد",
    "grade":77.81
  },
  {
    "rank":439,
    "student_code":22015081,
    "name":"عاطف سلطان عسران محمد عبدربه",
    "grade":77.8
  },
  {
    "rank":440,
    "student_code":22015012,
    "name":"احمد محمد جودة السيد",
    "grade":77.78
  },
  {
    "rank":441,
    "student_code":22010114,
    "name":"جيسى اكرامى اسحق عياد حبشى",
    "grade":77.69
  },
  {
    "rank":442,
    "student_code":22010408,
    "name":"مريم هيثم السيد السيد محمد خليفة",
    "grade":77.61
  },
  {
    "rank":443,
    "student_code":22010118,
    "name":"حازم ناصر عبدالحميد زكى",
    "grade":77.59
  },
  {
    "rank":444,
    "student_code":22010024,
    "name":"احمد عادل رمضان محمود",
    "grade":77.58
  },
  {
    "rank":445,
    "student_code":22010177,
    "name":"زياد هانى محمد عبدالتواب",
    "grade":77.57
  },
  {
    "rank":446,
    "student_code":22015126,
    "name":"محمد عصمت محمود محمد",
    "grade":77.57
  },
  {
    "rank":447,
    "student_code":22010362,
    "name":"محمد على صلاح علي احمد",
    "grade":77.56
  },
  {
    "rank":448,
    "student_code":22015037,
    "name":"احمد ياسر أحمد مصطفى ماجد",
    "grade":77.54
  },
  {
    "rank":449,
    "student_code":22010015,
    "name":"احمد ربيع مختار اسماعيل",
    "grade":77.53
  },
  {
    "rank":450,
    "student_code":22010218,
    "name":"صلاح رفيق صلاح عماره",
    "grade":77.51
  },
  {
    "rank":451,
    "student_code":22015004,
    "name":"احمد اشرف ابراهيم احمد عرفة",
    "grade":77.46
  },
  {
    "rank":452,
    "student_code":22010041,
    "name":"احمد محمود عبد الله محمود",
    "grade":77.45
  },
  {
    "rank":453,
    "student_code":22015049,
    "name":"حنين ايمن محمد عبدالخالق عبدالعاطي",
    "grade":77.45
  },
  {
    "rank":454,
    "student_code":22015061,
    "name":"رواء باسم محمود ابراهيم هيكل",
    "grade":77.43
  },
  {
    "rank":455,
    "student_code":22015100,
    "name":"فاطمة الزهراء أحمد محمدي عبدالسلام منصور",
    "grade":77.39
  },
  {
    "rank":456,
    "student_code":22015029,
    "name":"ايمان احمد احمد عبدالرحمن إبراهيم",
    "grade":77.36
  },
  {
    "rank":457,
    "student_code":22010172,
    "name":"زياد اسماعيل سعيد اسماعيل",
    "grade":77.34
  },
  {
    "rank":458,
    "student_code":22010291,
    "name":"عهد عادل شوقي يوسف الجبالى",
    "grade":77.33
  },
  {
    "rank":459,
    "student_code":22010048,
    "name":"احمد وائل عبدالمنعم حسن على",
    "grade":77.28
  },
  {
    "rank":460,
    "student_code":22010220,
    "name":"طه محمد طه عبدالقادر عبدالرحيم",
    "grade":77.27
  },
  {
    "rank":461,
    "student_code":22010462,
    "name":"نادر صابر سعيد عبدالله ميخائيل",
    "grade":77.27
  },
  {
    "rank":462,
    "student_code":22010419,
    "name":"مصطفى محمد حامد فهيم",
    "grade":77.17
  },
  {
    "rank":463,
    "student_code":22010079,
    "name":"انس ايمن عبدالغنى محمد سيد",
    "grade":77.16
  },
  {
    "rank":464,
    "student_code":22010078,
    "name":"انتونى ايمن ماضى زكى",
    "grade":77.11
  },
  {
    "rank":465,
    "student_code":22010250,
    "name":"عبدالله خالد محمد السيد",
    "grade":76.97
  },
  {
    "rank":466,
    "student_code":22010115,
    "name":"حاتم جابر سعيد محمد مبارك",
    "grade":76.9
  },
  {
    "rank":467,
    "student_code":22015089,
    "name":"عبدالله زكريا شرف شعلان السيد",
    "grade":76.79
  },
  {
    "rank":468,
    "student_code":22010212,
    "name":"شهد طارق سمير محمد",
    "grade":76.75
  },
  {
    "rank":469,
    "student_code":22010119,
    "name":"حبيبه الرحمن شريف الهامى",
    "grade":76.72
  },
  {
    "rank":470,
    "student_code":22010259,
    "name":"عبدالهادى محمد عبدالهادى عماره",
    "grade":76.67
  },
  {
    "rank":471,
    "student_code":22010285,
    "name":"عمرو خالد مسعد احمد البسطويسى",
    "grade":76.65
  },
  {
    "rank":472,
    "student_code":22010277,
    "name":"عمر عطوه احمد مطر",
    "grade":76.62
  },
  {
    "rank":473,
    "student_code":22015035,
    "name":"احمد على عباس على",
    "grade":76.62
  },
  {
    "rank":474,
    "student_code":22010418,
    "name":"مصطفى مجدى محمد عبدالحق",
    "grade":76.61
  },
  {
    "rank":475,
    "student_code":22010072,
    "name":"امل بشير حسن عبدالعال",
    "grade":76.57
  },
  {
    "rank":476,
    "student_code":22010174,
    "name":"زياد طه عبده طه عبدالكريم درغام",
    "grade":76.51
  },
  {
    "rank":477,
    "student_code":22010189,
    "name":"سعد السيد سعد حواش صالح",
    "grade":76.5
  },
  {
    "rank":478,
    "student_code":22010486,
    "name":"هاجر مصطفى منصور عبد الحليم بحور",
    "grade":76.49
  },
  {
    "rank":479,
    "student_code":22015059,
    "name":"رقية عصام عبد المنعم ابراهيم",
    "grade":76.43
  },
  {
    "rank":480,
    "student_code":22010382,
    "name":"محمود احمد ربيع عبد اللطيف سليمان",
    "grade":76.37
  },
  {
    "rank":481,
    "student_code":22010227,
    "name":"عبدالرحمن الغنيمى صلاح عامر",
    "grade":76.28
  },
  {
    "rank":482,
    "student_code":22010123,
    "name":"حسام السيد عبدالحميد عيسى",
    "grade":76.27
  },
  {
    "rank":483,
    "student_code":22010270,
    "name":"عمر الخضرى وهبه الخضرى",
    "grade":76.25
  },
  {
    "rank":484,
    "student_code":22010221,
    "name":"عاصم محمد صلاح على حسين",
    "grade":76.24
  },
  {
    "rank":485,
    "student_code":22015147,
    "name":"مصطفي أسامة ابوبكر محمد العسال",
    "grade":76.21
  },
  {
    "rank":486,
    "student_code":22010240,
    "name":"عبدالرحمن محمود عبداللاه عبدالرحيم",
    "grade":76.19
  },
  {
    "rank":487,
    "student_code":22010153,
    "name":"روان احمد الرفاعى على",
    "grade":76.13
  },
  {
    "rank":488,
    "student_code":22015106,
    "name":"كارولين اكمل كمال نجيب",
    "grade":76.08
  },
  {
    "rank":489,
    "student_code":22015133,
    "name":"محمد مصطفى مسعود عبدالحميد",
    "grade":76.07
  },
  {
    "rank":490,
    "student_code":22010415,
    "name":"مصطفى حسنى حجازى عيسى عيسى",
    "grade":76.06
  },
  {
    "rank":491,
    "student_code":22015164,
    "name":"نورهان محمد موسى محمد",
    "grade":76.05
  },
  {
    "rank":492,
    "student_code":22010230,
    "name":"عبدالرحمن بسيونى عبدالرحمن سليم",
    "grade":76.02
  },
  {
    "rank":493,
    "student_code":22015001,
    "name":"ابتهال محمد سعيد السيد احمد",
    "grade":76.0
  },
  {
    "rank":494,
    "student_code":22015045,
    "name":"حازم شوقي محمود عبدالغفار",
    "grade":75.93
  },
  {
    "rank":495,
    "student_code":22015146,
    "name":"مصطفي السيد مصطفي",
    "grade":75.92
  },
  {
    "rank":496,
    "student_code":22010193,
    "name":"سلمى عمر سعيد عفيفى بسيونى",
    "grade":75.87
  },
  {
    "rank":497,
    "student_code":22015065,
    "name":"ريناد محمد حمزة محمد",
    "grade":75.86
  },
  {
    "rank":498,
    "student_code":22015046,
    "name":"حازم محمود ابراهيم عبدالفتاح",
    "grade":75.63
  },
  {
    "rank":499,
    "student_code":22010507,
    "name":"يوسف مصطفى على غريب",
    "grade":75.51
  },
  {
    "rank":500,
    "student_code":22010294,
    "name":"فاتن خالد عبدالعزيز محمود أغا",
    "grade":75.4
  },
  {
    "rank":501,
    "student_code":22015031,
    "name":"ايه اسامه فوزى احمد",
    "grade":75.37
  },
  {
    "rank":502,
    "student_code":22010375,
    "name":"محمد ناصر محمد عيد الفقى",
    "grade":75.18
  },
  {
    "rank":503,
    "student_code":22010447,
    "name":"مهند نشأت محمد الانور محمد عبدالعاطي",
    "grade":75.14
  },
  {
    "rank":504,
    "student_code":22010421,
    "name":"مصطفى هانى مصطفى ابراهيم",
    "grade":74.99
  }
]